team_id,league,name,mascot,logo_url,conference_name,conference_wins,conference_losses,conference_ties,overall_wins,overall_losses,overall_ties
2483,CFB,Oregon,Ducks,https://a.espncdn.com/combiner/i?img=/i/teamlogos/ncaa/500/2483.png,Pac-12,0.0,0.0,0.0,0.0,0.0,0.0
52,CFB,Florida State,Seminoles,https://a.espncdn.com/combiner/i?img=/i/teamlogos/ncaa/500/52.png,ACC,0.0,0.0,0.0,0.0,0.0,0.0
153,CFB,North Carolina,Tar Heels,https://a.espncdn.com/combiner/i?img=/i/teamlogos/ncaa/500/153.png,ACC,0.0,0.0,0.0,0.0,0.0,0.0
2448,CFB,North Carolina A&T,Aggies,https://a.espncdn.com/combiner/i?img=/i/teamlogos/ncaa/500/2448.png,CAA,0.0,0.0,0.0,0.0,0.0,0.0
160,CFB,New Hampshire,Wildcats,https://a.espncdn.com/combiner/i?img=/i/teamlogos/ncaa/500/160.png,CAA,0.0,0.0,0.0,0.0,0.0,0.0
2717,CFB,Western Carolina,Catamounts,https://a.espncdn.com/combiner/i?img=/i/teamlogos/ncaa/500/2717.png,Southern,0.0,0.0,0.0,0.0,0.0,0.0
2210,CFB,Elon,Phoenix,https://a.espncdn.com/combiner/i?img=/i/teamlogos/ncaa/500/2210.png,CAA,0.0,0.0,0.0,0.0,0.0,0.0
2628,CFB,TCU,Horned Frogs,https://a.espncdn.com/combiner/i?img=/i/teamlogos/ncaa/500/2628.png,Big 12,0.0,0.0,0.0,0.0,0.0,0.0
98,CFB,Western Kentucky,Hilltoppers,https://a.espncdn.com/combiner/i?img=/i/teamlogos/ncaa/500/98.png,CUSA,0.0,0.0,0.0,0.0,0.0,0.0
2029,CFB,Arkansas-Pine Bluff,Golden Lions,https://a.espncdn.com/combiner/i?img=/i/teamlogos/ncaa/500/2029.png,SWAC,0.0,0.0,0.0,0.0,0.0,0.0
2010,CFB,Alabama A&M,Bulldogs,https://a.espncdn.com/combiner/i?img=/i/teamlogos/ncaa/500/2010.png,SWAC,0.0,0.0,0.0,0.0,0.0,0.0
2390,CFB,Miami,Hurricanes,https://a.espncdn.com/combiner/i?img=/i/teamlogos/ncaa/500/2390.png,ACC,0.0,0.0,0.0,0.0,0.0,0.0
61,CFB,Georgia,Bulldogs,https://a.espncdn.com/combiner/i?img=/i/teamlogos/ncaa/500/61.png,SEC,0.0,0.0,0.0,0.0,0.0,0.0
2572,CFB,Southern Miss,Golden Eagles,https://a.espncdn.com/combiner/i?img=/i/teamlogos/ncaa/500/2572.png,Sun Belt,0.0,0.0,0.0,0.0,0.0,0.0
231,CFB,Furman,Paladins,https://a.espncdn.com/combiner/i?img=/i/teamlogos/ncaa/500/231.png,Southern,0.0,0.0,0.0,0.0,0.0,0.0
2198,CFB,Eastern Kentucky,Colonels,https://a.espncdn.com/combiner/i?img=/i/teamlogos/ncaa/500/2198.png,UAC,0.0,0.0,0.0,0.0,0.0,0.0
93,CFB,Murray State,Racers,https://a.espncdn.com/combiner/i?img=/i/teamlogos/ncaa/500/93.png,MVFC,0.0,0.0,0.0,0.0,0.0,0.0
218,CFB,Temple,Owls,https://a.espncdn.com/combiner/i?img=/i/teamlogos/ncaa/500/218.png,American,0.0,0.0,0.0,0.0,0.0,0.0
295,CFB,Old Dominion,Monarchs,https://a.espncdn.com/combiner/i?img=/i/teamlogos/ncaa/500/295.png,Sun Belt,0.0,0.0,0.0,0.0,0.0,0.0
236,CFB,Chattanooga,Mocs,https://a.espncdn.com/combiner/i?img=/i/teamlogos/ncaa/500/236.png,Southern,0.0,0.0,0.0,0.0,0.0,0.0
36,CFB,Colorado State,Rams,https://a.espncdn.com/combiner/i?img=/i/teamlogos/ncaa/500/36.png,Mountain West,0.0,0.0,0.0,0.0,0.0,0.0
87,CFB,Notre Dame,Fighting Irish,https://a.espncdn.com/combiner/i?img=/i/teamlogos/ncaa/500/87.png,FBS Indep.,0.0,0.0,0.0,0.0,0.0,0.0
259,CFB,Virginia Tech,Hokies,https://a.espncdn.com/combiner/i?img=/i/teamlogos/ncaa/500/259.png,ACC,0.0,0.0,0.0,0.0,0.0,0.0
2229,CFB,Florida International,Panthers,https://a.espncdn.com/combiner/i?img=/i/teamlogos/ncaa/500/2229.png,CUSA,0.0,0.0,0.0,0.0,0.0,0.0
2287,CFB,Illinois State,Redbirds,https://a.espncdn.com/combiner/i?img=/i/teamlogos/ncaa/500/2287.png,MVFC,0.0,0.0,0.0,0.0,0.0,0.0
41,CFB,UConn,Huskies,https://a.espncdn.com/combiner/i?img=/i/teamlogos/ncaa/500/41.png,FBS Indep.,0.0,0.0,0.0,0.0,0.0,0.0
278,CFB,Fresno State,Bulldogs,https://a.espncdn.com/combiner/i?img=/i/teamlogos/ncaa/500/278.png,Mountain West,0.0,0.0,0.0,0.0,0.0,0.0
2226,CFB,Florida Atlantic,Owls,https://a.espncdn.com/combiner/i?img=/i/teamlogos/ncaa/500/2226.png,American,0.0,0.0,0.0,0.0,0.0,0.0
2638,CFB,UTEP,Miners,https://a.espncdn.com/combiner/i?img=/i/teamlogos/ncaa/500/2638.png,CUSA,0.0,0.0,0.0,0.0,0.0,0.0
2006,CFB,Akron,Zips,https://a.espncdn.com/combiner/i?img=/i/teamlogos/ncaa/500/2006.png,MAC,0.0,0.0,0.0,0.0,0.0,0.0
70,CFB,Idaho,Vandals,https://a.espncdn.com/combiner/i?img=/i/teamlogos/ncaa/500/70.png,Big Sky,0.0,0.0,0.0,0.0,0.0,0.0
213,CFB,Penn State,Nittany Lions,https://a.espncdn.com/combiner/i?img=/i/teamlogos/ncaa/500/213.png,Big Ten,0.0,0.0,0.0,0.0,0.0,0.0
47,CFB,Howard,Bison,https://a.espncdn.com/combiner/i?img=/i/teamlogos/ncaa/500/47.png,MEAC,0.0,0.0,0.0,0.0,0.0,0.0
26,CFB,UCLA,Bruins,https://a.espncdn.com/combiner/i?img=/i/teamlogos/ncaa/500/26.png,Pac-12,0.0,0.0,0.0,0.0,0.0,0.0
2692,CFB,Weber State,Wildcats,https://a.espncdn.com/combiner/i?img=/i/teamlogos/ncaa/500/2692.png,Big Sky,0.0,0.0,0.0,0.0,0.0,0.0
2711,CFB,Western Michigan,Broncos,https://a.espncdn.com/combiner/i?img=/i/teamlogos/ncaa/500/2711.png,MAC,0.0,0.0,0.0,0.0,0.0,0.0
2097,CFB,Campbell,Fighting Camels,https://a.espncdn.com/combiner/i?img=/i/teamlogos/ncaa/500/2097.png,CAA,0.0,0.0,0.0,0.0,0.0,0.0
257,CFB,Richmond,Spiders,https://a.espncdn.com/combiner/i?img=/i/teamlogos/ncaa/500/257.png,CAA,0.0,0.0,0.0,0.0,0.0,0.0
2619,CFB,Stony Brook,Seawolves,https://a.espncdn.com/combiner/i?img=/i/teamlogos/ncaa/500/2619.png,CAA,0.0,0.0,0.0,0.0,0.0,0.0
119,CFB,Towson,Tigers,https://a.espncdn.com/combiner/i?img=/i/teamlogos/ncaa/500/119.png,CAA,0.0,0.0,0.0,0.0,0.0,0.0
2199,CFB,Eastern Michigan,Eagles,https://a.espncdn.com/combiner/i?img=/i/teamlogos/ncaa/500/2199.png,MAC,0.0,0.0,0.0,0.0,0.0,0.0
2046,CFB,Austin Peay,Governors,https://a.espncdn.com/combiner/i?img=/i/teamlogos/ncaa/500/2046.png,UAC,0.0,0.0,0.0,0.0,0.0,0.0
2110,CFB,Central Arkansas,Bears,https://a.espncdn.com/combiner/i?img=/i/teamlogos/ncaa/500/2110.png,UAC,0.0,0.0,0.0,0.0,0.0,0.0
253,CFB,Southern Utah,Thunderbirds,https://a.espncdn.com/combiner/i?img=/i/teamlogos/ncaa/500/253.png,UAC,0.0,0.0,0.0,0.0,0.0,0.0
2193,CFB,East Tennessee State,Buccaneers,https://a.espncdn.com/combiner/i?img=/i/teamlogos/ncaa/500/2193.png,Southern,0.0,0.0,0.0,0.0,0.0,0.0
282,CFB,Indiana State,Sycamores,https://a.espncdn.com/combiner/i?img=/i/teamlogos/ncaa/500/282.png,MVFC,0.0,0.0,0.0,0.0,0.0,0.0
155,CFB,North Dakota,Fighting Hawks,https://a.espncdn.com/combiner/i?img=/i/teamlogos/ncaa/500/155.png,MVFC,0.0,0.0,0.0,0.0,0.0,0.0
2449,CFB,North Dakota State,Bison,https://a.espncdn.com/combiner/i?img=/i/teamlogos/ncaa/500/2449.png,MVFC,0.0,0.0,0.0,0.0,0.0,0.0
2571,CFB,South Dakota State,Jackrabbits,https://a.espncdn.com/combiner/i?img=/i/teamlogos/ncaa/500/2571.png,MVFC,0.0,0.0,0.0,0.0,0.0,0.0
79,CFB,Southern Illinois,Salukis,https://a.espncdn.com/combiner/i?img=/i/teamlogos/ncaa/500/79.png,MVFC,0.0,0.0,0.0,0.0,0.0,0.0
302,CFB,UC Davis,Aggies,https://a.espncdn.com/combiner/i?img=/i/teamlogos/ncaa/500/302.png,Big Sky,0.0,0.0,0.0,0.0,0.0,0.0
2247,CFB,Georgia State,Panthers,https://a.espncdn.com/combiner/i?img=/i/teamlogos/ncaa/500/2247.png,Sun Belt,0.0,0.0,0.0,0.0,0.0,0.0
2277,CFB,Houston Christian,Huskies,https://a.espncdn.com/combiner/i?img=/i/teamlogos/ncaa/500/2277.png,Southland,0.0,0.0,0.0,0.0,0.0,0.0
195,CFB,Ohio,Bobcats,https://a.espncdn.com/combiner/i?img=/i/teamlogos/ncaa/500/195.png,MAC,0.0,0.0,0.0,0.0,0.0,0.0
2309,CFB,Kent State,Golden Flashes,https://a.espncdn.com/combiner/i?img=/i/teamlogos/ncaa/500/2309.png,MAC,0.0,0.0,0.0,0.0,0.0,0.0
99,CFB,LSU,Tigers,https://a.espncdn.com/combiner/i?img=/i/teamlogos/ncaa/500/99.png,SEC,0.0,0.0,0.0,0.0,0.0,0.0
103,CFB,Boston College,Eagles,https://a.espncdn.com/combiner/i?img=/i/teamlogos/ncaa/500/103.png,ACC,0.0,0.0,0.0,0.0,0.0,0.0
252,CFB,BYU,Cougars,https://a.espncdn.com/combiner/i?img=/i/teamlogos/ncaa/500/252.png,Big 12,0.0,0.0,0.0,0.0,0.0,0.0
58,CFB,South Florida,Bulls,https://a.espncdn.com/combiner/i?img=/i/teamlogos/ncaa/500/58.png,American,0.0,0.0,0.0,0.0,0.0,0.0
8,CFB,Arkansas,Razorbacks,https://a.espncdn.com/combiner/i?img=/i/teamlogos/ncaa/500/8.png,SEC,0.0,0.0,0.0,0.0,0.0,0.0
25,CFB,California,Golden Bears,https://a.espncdn.com/combiner/i?img=/i/teamlogos/ncaa/500/25.png,Pac-12,0.0,0.0,0.0,0.0,0.0,0.0
2535,CFB,Samford,Bulldogs,https://a.espncdn.com/combiner/i?img=/i/teamlogos/ncaa/500/2535.png,Southern,0.0,0.0,0.0,0.0,0.0,0.0
2635,CFB,Tennessee Tech,Golden Eagles,https://a.espncdn.com/combiner/i?img=/i/teamlogos/ncaa/500/2635.png,Big South-OVC,0.0,0.0,0.0,0.0,0.0,0.0
2579,CFB,South Carolina,Gamecocks,https://a.espncdn.com/combiner/i?img=/i/teamlogos/ncaa/500/2579.png,SEC,0.0,0.0,0.0,0.0,0.0,0.0
2447,CFB,Nicholls,Colonels,https://a.espncdn.com/combiner/i?img=/i/teamlogos/ncaa/500/2447.png,Southland,0.0,0.0,0.0,0.0,0.0,0.0
2393,CFB,Middle Tennessee,Blue Raiders,https://a.espncdn.com/combiner/i?img=/i/teamlogos/ncaa/500/2393.png,CUSA,0.0,0.0,0.0,0.0,0.0,0.0
344,CFB,Mississippi State,Bulldogs,https://a.espncdn.com/combiner/i?img=/i/teamlogos/ncaa/500/344.png,SEC,0.0,0.0,0.0,0.0,0.0,0.0
2084,CFB,Buffalo,Bulls,https://a.espncdn.com/combiner/i?img=/i/teamlogos/ncaa/500/2084.png,MAC,0.0,0.0,0.0,0.0,0.0,0.0
248,CFB,Houston,Cougars,https://a.espncdn.com/combiner/i?img=/i/teamlogos/ncaa/500/248.png,Big 12,0.0,0.0,0.0,0.0,0.0,0.0
2633,CFB,Tennessee,Volunteers,https://a.espncdn.com/combiner/i?img=/i/teamlogos/ncaa/500/2633.png,SEC,0.0,0.0,0.0,0.0,0.0,0.0
251,CFB,Texas,Longhorns,https://a.espncdn.com/combiner/i?img=/i/teamlogos/ncaa/500/251.png,Big 12,0.0,0.0,0.0,0.0,0.0,0.0
2377,CFB,McNeese,Cowboys,https://a.espncdn.com/combiner/i?img=/i/teamlogos/ncaa/500/2377.png,Southland,0.0,0.0,0.0,0.0,0.0,0.0
2016,CFB,Alcorn State,Braves,https://a.espncdn.com/combiner/i?img=/i/teamlogos/ncaa/500/2016.png,SWAC,0.0,0.0,0.0,0.0,0.0,0.0
2305,CFB,Kansas,Jayhawks,https://a.espncdn.com/combiner/i?img=/i/teamlogos/ncaa/500/2305.png,Big 12,0.0,0.0,0.0,0.0,0.0,0.0
2710,CFB,Western Illinois,Leathernecks,https://a.espncdn.com/combiner/i?img=/i/teamlogos/ncaa/500/2710.png,MVFC,0.0,0.0,0.0,0.0,0.0,0.0
66,CFB,Iowa State,Cyclones,https://a.espncdn.com/combiner/i?img=/i/teamlogos/ncaa/500/66.png,Big 12,0.0,0.0,0.0,0.0,0.0,0.0
127,CFB,Michigan State,Spartans,https://a.espncdn.com/combiner/i?img=/i/teamlogos/ncaa/500/127.png,Big Ten,0.0,0.0,0.0,0.0,0.0,0.0
227,CFB,Rhode Island,Rams,https://a.espncdn.com/combiner/i?img=/i/teamlogos/ncaa/500/227.png,CAA,0.0,0.0,0.0,0.0,0.0,0.0
38,CFB,Colorado,Buffaloes,https://a.espncdn.com/combiner/i?img=/i/teamlogos/ncaa/500/38.png,Pac-12,0.0,0.0,0.0,0.0,0.0,0.0
68,CFB,Boise State,Broncos,https://a.espncdn.com/combiner/i?img=/i/teamlogos/ncaa/500/68.png,Mountain West,0.0,0.0,0.0,0.0,0.0,0.0
189,CFB,Bowling Green,Falcons,https://a.espncdn.com/combiner/i?img=/i/teamlogos/ncaa/500/189.png,MAC,0.0,0.0,0.0,0.0,0.0,0.0
328,CFB,Utah State,Aggies,https://a.espncdn.com/combiner/i?img=/i/teamlogos/ncaa/500/328.png,Mountain West,0.0,0.0,0.0,0.0,0.0,0.0
233,CFB,South Dakota,Coyotes,https://a.espncdn.com/combiner/i?img=/i/teamlogos/ncaa/500/233.png,MVFC,0.0,0.0,0.0,0.0,0.0,0.0
399,CFB,UAlbany,Great Danes,https://a.espncdn.com/combiner/i?img=/i/teamlogos/ncaa/500/399.png,CAA,0.0,0.0,0.0,0.0,0.0,0.0
2729,CFB,William & Mary,Tribe,https://a.espncdn.com/combiner/i?img=/i/teamlogos/ncaa/500/2729.png,CAA,0.0,0.0,0.0,0.0,0.0,0.0
2459,CFB,Northern Illinois,Huskies,https://a.espncdn.com/combiner/i?img=/i/teamlogos/ncaa/500/2459.png,MAC,0.0,0.0,0.0,0.0,0.0,0.0
113,CFB,Massachusetts,Minutemen,https://a.espncdn.com/combiner/i?img=/i/teamlogos/ncaa/500/113.png,FBS Indep.,0.0,0.0,0.0,0.0,0.0,0.0
3101,CFB,Utah Tech,Trailblazers,https://a.espncdn.com/combiner/i?img=/i/teamlogos/ncaa/500/3101.png,UAC,0.0,0.0,0.0,0.0,0.0,0.0
2623,CFB,Missouri State,Bears,https://a.espncdn.com/combiner/i?img=/i/teamlogos/ncaa/500/2623.png,MVFC,0.0,0.0,0.0,0.0,0.0,0.0
2184,CFB,Duquesne,Dukes,https://a.espncdn.com/combiner/i?img=/i/teamlogos/ncaa/500/2184.png,NEC,0.0,0.0,0.0,0.0,0.0,0.0
2026,CFB,Appalachian State,Mountaineers,https://a.espncdn.com/combiner/i?img=/i/teamlogos/ncaa/500/2026.png,Sun Belt,0.0,0.0,0.0,0.0,0.0,0.0
150,CFB,Duke,Blue Devils,https://a.espncdn.com/combiner/i?img=/i/teamlogos/ncaa/500/150.png,ACC,0.0,0.0,0.0,0.0,0.0,0.0
59,CFB,Georgia Tech,Yellow Jackets,https://a.espncdn.com/combiner/i?img=/i/teamlogos/ncaa/500/59.png,ACC,0.0,0.0,0.0,0.0,0.0,0.0
55,CFB,Jacksonville State,Gamecocks,https://a.espncdn.com/combiner/i?img=/i/teamlogos/ncaa/500/55.png,CUSA,0.0,0.0,0.0,0.0,0.0,0.0
50,CFB,Florida A&M,Rattlers,https://a.espncdn.com/combiner/i?img=/i/teamlogos/ncaa/500/50.png,SWAC,0.0,0.0,0.0,0.0,0.0,0.0
2429,CFB,Charlotte,49ers,https://a.espncdn.com/combiner/i?img=/i/teamlogos/ncaa/500/2429.png,American,0.0,0.0,0.0,0.0,0.0,0.0
221,CFB,Pittsburgh,Panthers,https://a.espncdn.com/combiner/i?img=/i/teamlogos/ncaa/500/221.png,ACC,0.0,0.0,0.0,0.0,0.0,0.0
13,CFB,Cal Poly,Mustangs,https://a.espncdn.com/combiner/i?img=/i/teamlogos/ncaa/500/13.png,Big Sky,0.0,0.0,0.0,0.0,0.0,0.0
276,CFB,Marshall,Thundering Herd,https://a.espncdn.com/combiner/i?img=/i/teamlogos/ncaa/500/276.png,Sun Belt,0.0,0.0,0.0,0.0,0.0,0.0
258,CFB,Virginia,Cavaliers,https://a.espncdn.com/combiner/i?img=/i/teamlogos/ncaa/500/258.png,ACC,0.0,0.0,0.0,0.0,0.0,0.0
333,CFB,Alabama,Crimson Tide,https://a.espncdn.com/combiner/i?img=/i/teamlogos/ncaa/500/333.png,SEC,0.0,0.0,0.0,0.0,0.0,0.0
5,CFB,UAB,Blazers,https://a.espncdn.com/combiner/i?img=/i/teamlogos/ncaa/500/5.png,American,0.0,0.0,0.0,0.0,0.0,0.0
167,CFB,New Mexico,Lobos,https://a.espncdn.com/combiner/i?img=/i/teamlogos/ncaa/500/167.png,Mountain West,0.0,0.0,0.0,0.0,0.0,0.0
245,CFB,Texas A&M,Aggies,https://a.espncdn.com/combiner/i?img=/i/teamlogos/ncaa/500/245.png,SEC,0.0,0.0,0.0,0.0,0.0,0.0
145,CFB,Ole Miss,Rebels,https://a.espncdn.com/combiner/i?img=/i/teamlogos/ncaa/500/145.png,SEC,0.0,0.0,0.0,0.0,0.0,0.0
2649,CFB,Toledo,Rockets,https://a.espncdn.com/combiner/i?img=/i/teamlogos/ncaa/500/2649.png,MAC,0.0,0.0,0.0,0.0,0.0,0.0
2655,CFB,Tulane,Green Wave,https://a.espncdn.com/combiner/i?img=/i/teamlogos/ncaa/500/2655.png,American,0.0,0.0,0.0,0.0,0.0,0.0
2636,CFB,UTSA,Roadrunners,https://a.espncdn.com/combiner/i?img=/i/teamlogos/ncaa/500/2636.png,American,0.0,0.0,0.0,0.0,0.0,0.0
238,CFB,Vanderbilt,Commodores,https://a.espncdn.com/combiner/i?img=/i/teamlogos/ncaa/500/238.png,SEC,0.0,0.0,0.0,0.0,0.0,0.0
2117,CFB,Central Michigan,Chippewas,https://a.espncdn.com/combiner/i?img=/i/teamlogos/ncaa/500/2117.png,MAC,0.0,0.0,0.0,0.0,0.0,0.0
84,CFB,Indiana,Hoosiers,https://a.espncdn.com/combiner/i?img=/i/teamlogos/ncaa/500/84.png,Big Ten,0.0,0.0,0.0,0.0,0.0,0.0
2653,CFB,Troy,Trojans,https://a.espncdn.com/combiner/i?img=/i/teamlogos/ncaa/500/2653.png,Sun Belt,0.0,0.0,0.0,0.0,0.0,0.0
120,CFB,Maryland,Terrapins,https://a.espncdn.com/combiner/i?img=/i/teamlogos/ncaa/500/120.png,Big Ten,0.0,0.0,0.0,0.0,0.0,0.0
2032,CFB,Arkansas State,Red Wolves,https://a.espncdn.com/combiner/i?img=/i/teamlogos/ncaa/500/2032.png,Sun Belt,0.0,0.0,0.0,0.0,0.0,0.0
309,CFB,Louisiana,Ragin' Cajuns,https://a.espncdn.com/combiner/i?img=/i/teamlogos/ncaa/500/309.png,Sun Belt,0.0,0.0,0.0,0.0,0.0,0.0
2440,CFB,Nevada,Wolf Pack,https://a.espncdn.com/combiner/i?img=/i/teamlogos/ncaa/500/2440.png,Mountain West,0.0,0.0,0.0,0.0,0.0,0.0
2460,CFB,Northern Iowa,Panthers,https://a.espncdn.com/combiner/i?img=/i/teamlogos/ncaa/500/2460.png,MVFC,0.0,0.0,0.0,0.0,0.0,0.0
264,CFB,Washington,Huskies,https://a.espncdn.com/combiner/i?img=/i/teamlogos/ncaa/500/264.png,Pac-12,0.0,0.0,0.0,0.0,0.0,0.0
21,CFB,San Diego State,Aztecs,https://a.espncdn.com/combiner/i?img=/i/teamlogos/ncaa/500/21.png,Mountain West,0.0,0.0,0.0,0.0,0.0,0.0
235,CFB,Memphis,Tigers,https://a.espncdn.com/combiner/i?img=/i/teamlogos/ncaa/500/235.png,American,0.0,0.0,0.0,0.0,0.0,0.0
2678,CFB,VMI,Keydets,https://a.espncdn.com/combiner/i?img=/i/teamlogos/ncaa/500/2678.png,Southern,0.0,0.0,0.0,0.0,0.0,0.0
2050,CFB,Ball State,Cardinals,https://a.espncdn.com/combiner/i?img=/i/teamlogos/ncaa/500/2050.png,MAC,0.0,0.0,0.0,0.0,0.0,0.0
2428,CFB,North Carolina Central,Eagles,https://a.espncdn.com/combiner/i?img=/i/teamlogos/ncaa/500/2428.png,MEAC,0.0,0.0,0.0,0.0,0.0,0.0
2348,CFB,Louisiana Tech,Bulldogs,https://a.espncdn.com/combiner/i?img=/i/teamlogos/ncaa/500/2348.png,CUSA,0.0,0.0,0.0,0.0,0.0,0.0
277,CFB,West Virginia,Mountaineers,https://a.espncdn.com/combiner/i?img=/i/teamlogos/ncaa/500/277.png,Big 12,0.0,0.0,0.0,0.0,0.0,0.0
24,CFB,Stanford,Cardinal,https://a.espncdn.com/combiner/i?img=/i/teamlogos/ncaa/500/24.png,Pac-12,0.0,0.0,0.0,0.0,0.0,0.0
290,CFB,Georgia Southern,Eagles,https://a.espncdn.com/combiner/i?img=/i/teamlogos/ncaa/500/290.png,Sun Belt,0.0,0.0,0.0,0.0,0.0,0.0
57,CFB,Florida,Gators,https://a.espncdn.com/combiner/i?img=/i/teamlogos/ncaa/500/57.png,SEC,0.0,0.0,0.0,0.0,0.0,0.0
2433,CFB,UL Monroe,Warhawks,https://a.espncdn.com/combiner/i?img=/i/teamlogos/ncaa/500/2433.png,Sun Belt,0.0,0.0,0.0,0.0,0.0,0.0
356,CFB,Illinois,Fighting Illini,https://a.espncdn.com/combiner/i?img=/i/teamlogos/ncaa/500/356.png,Big Ten,0.0,0.0,0.0,0.0,0.0,0.0
2294,CFB,Iowa,Hawkeyes,https://a.espncdn.com/combiner/i?img=/i/teamlogos/ncaa/500/2294.png,Big Ten,0.0,0.0,0.0,0.0,0.0,0.0
222,CFB,Villanova,Wildcats,https://a.espncdn.com/combiner/i?img=/i/teamlogos/ncaa/500/222.png,CAA,0.0,0.0,0.0,0.0,0.0,0.0
30,CFB,USC,Trojans,https://a.espncdn.com/combiner/i?img=/i/teamlogos/ncaa/500/30.png,Pac-12,0.0,0.0,0.0,0.0,0.0,0.0
77,CFB,Northwestern,Wildcats,https://a.espncdn.com/combiner/i?img=/i/teamlogos/ncaa/500/77.png,Big Ten,0.0,0.0,0.0,0.0,0.0,0.0
164,CFB,Rutgers,Scarlet Knights,https://a.espncdn.com/combiner/i?img=/i/teamlogos/ncaa/500/164.png,Big Ten,0.0,0.0,0.0,0.0,0.0,0.0
2405,CFB,Monmouth,Hawks,https://a.espncdn.com/combiner/i?img=/i/teamlogos/ncaa/500/2405.png,CAA,0.0,0.0,0.0,0.0,0.0,0.0
193,CFB,Miami (OH),RedHawks,https://a.espncdn.com/combiner/i?img=/i/teamlogos/ncaa/500/193.png,MAC,0.0,0.0,0.0,0.0,0.0,0.0
2681,CFB,Wagner,Seahawks,https://a.espncdn.com/combiner/i?img=/i/teamlogos/ncaa/500/2681.png,NEC,0.0,0.0,0.0,0.0,0.0,0.0
2754,CFB,Youngstown State,Penguins,https://a.espncdn.com/combiner/i?img=/i/teamlogos/ncaa/500/2754.png,MVFC,0.0,0.0,0.0,0.0,0.0,0.0
152,CFB,NC State,Wolfpack,https://a.espncdn.com/combiner/i?img=/i/teamlogos/ncaa/500/152.png,ACC,0.0,0.0,0.0,0.0,0.0,0.0
256,CFB,James Madison,Dukes,https://a.espncdn.com/combiner/i?img=/i/teamlogos/ncaa/500/256.png,Sun Belt,0.0,0.0,0.0,0.0,0.0,0.0
201,CFB,Oklahoma,Sooners,https://a.espncdn.com/combiner/i?img=/i/teamlogos/ncaa/500/201.png,Big 12,0.0,0.0,0.0,0.0,0.0,0.0
6,CFB,South Alabama,Jaguars,https://a.espncdn.com/combiner/i?img=/i/teamlogos/ncaa/500/6.png,Sun Belt,0.0,0.0,0.0,0.0,0.0,0.0
96,CFB,Kentucky,Wildcats,https://a.espncdn.com/combiner/i?img=/i/teamlogos/ncaa/500/96.png,SEC,0.0,0.0,0.0,0.0,0.0,0.0
135,CFB,Minnesota,Golden Gophers,https://a.espncdn.com/combiner/i?img=/i/teamlogos/ncaa/500/135.png,Big Ten,0.0,0.0,0.0,0.0,0.0,0.0
194,CFB,Ohio State,Buckeyes,https://a.espncdn.com/combiner/i?img=/i/teamlogos/ncaa/500/194.png,Big Ten,0.0,0.0,0.0,0.0,0.0,0.0
158,CFB,Nebraska,Cornhuskers,https://a.espncdn.com/combiner/i?img=/i/teamlogos/ncaa/500/158.png,Big Ten,0.0,0.0,0.0,0.0,0.0,0.0
275,CFB,Wisconsin,Badgers,https://a.espncdn.com/combiner/i?img=/i/teamlogos/ncaa/500/275.png,Big Ten,0.0,0.0,0.0,0.0,0.0,0.0
97,CFB,Louisville,Cardinals,https://a.espncdn.com/combiner/i?img=/i/teamlogos/ncaa/500/97.png,ACC,0.0,0.0,0.0,0.0,0.0,0.0
107,CFB,Holy Cross,Crusaders,https://a.espncdn.com/combiner/i?img=/i/teamlogos/ncaa/500/107.png,Patriot,0.0,0.0,0.0,0.0,0.0,0.0
2116,CFB,UCF,Knights,https://a.espncdn.com/combiner/i?img=/i/teamlogos/ncaa/500/2116.png,Big 12,0.0,0.0,0.0,0.0,0.0,0.0
2,CFB,Auburn,Tigers,https://a.espncdn.com/combiner/i?img=/i/teamlogos/ncaa/500/2.png,SEC,0.0,0.0,0.0,0.0,0.0,0.0
142,CFB,Missouri,Tigers,https://a.espncdn.com/combiner/i?img=/i/teamlogos/ncaa/500/142.png,SEC,0.0,0.0,0.0,0.0,0.0,0.0
130,CFB,Michigan,Wolverines,https://a.espncdn.com/combiner/i?img=/i/teamlogos/ncaa/500/130.png,Big Ten,0.0,0.0,0.0,0.0,0.0,0.0
2509,CFB,Purdue,Boilermakers,https://a.espncdn.com/combiner/i?img=/i/teamlogos/ncaa/500/2509.png,Big Ten,0.0,0.0,0.0,0.0,0.0,0.0
183,CFB,Syracuse,Orange,https://a.espncdn.com/combiner/i?img=/i/teamlogos/ncaa/500/183.png,ACC,0.0,0.0,0.0,0.0,0.0,0.0
228,CFB,Clemson,Tigers,https://a.espncdn.com/combiner/i?img=/i/teamlogos/ncaa/500/228.png,ACC,0.0,0.0,0.0,0.0,0.0,0.0
2567,CFB,SMU,Mustangs,https://a.espncdn.com/combiner/i?img=/i/teamlogos/ncaa/500/2567.png,American,0.0,0.0,0.0,0.0,0.0,0.0
154,CFB,Wake Forest,Demon Deacons,https://a.espncdn.com/combiner/i?img=/i/teamlogos/ncaa/500/154.png,ACC,0.0,0.0,0.0,0.0,0.0,0.0
242,CFB,Rice,Owls,https://a.espncdn.com/combiner/i?img=/i/teamlogos/ncaa/500/242.png,American,0.0,0.0,0.0,0.0,0.0,0.0
204,CFB,Oregon State,Beavers,https://a.espncdn.com/combiner/i?img=/i/teamlogos/ncaa/500/204.png,Pac-12,0.0,0.0,0.0,0.0,0.0,0.0
311,CFB,Maine,Black Bears,https://a.espncdn.com/combiner/i?img=/i/teamlogos/ncaa/500/311.png,CAA,0.0,0.0,0.0,0.0,0.0,0.0
349,CFB,Army,Black Knights,https://a.espncdn.com/combiner/i?img=/i/teamlogos/ncaa/500/349.png,FBS (I-A),0.0,0.0,0.0,0.0,0.0,0.0
166,CFB,New Mexico State,Aggies,https://a.espncdn.com/combiner/i?img=/i/teamlogos/ncaa/500/166.png,CUSA,0.0,0.0,0.0,0.0,0.0,0.0
2382,CFB,Mercer,Bears,https://a.espncdn.com/combiner/i?img=/i/teamlogos/ncaa/500/2382.png,Southern,0.0,0.0,0.0,0.0,0.0,0.0
2335,CFB,Liberty,Flames,https://a.espncdn.com/combiner/i?img=/i/teamlogos/ncaa/500/2335.png,CUSA,0.0,0.0,0.0,0.0,0.0,0.0
2747,CFB,Wofford,Terriers,https://a.espncdn.com/combiner/i?img=/i/teamlogos/ncaa/500/2747.png,Southern,0.0,0.0,0.0,0.0,0.0,0.0
265,CFB,Washington State,Cougars,https://a.espncdn.com/combiner/i?img=/i/teamlogos/ncaa/500/265.png,Pac-12,0.0,0.0,0.0,0.0,0.0,0.0
2643,CFB,The Citadel,Bulldogs,https://a.espncdn.com/combiner/i?img=/i/teamlogos/ncaa/500/2643.png,Southern,0.0,0.0,0.0,0.0,0.0,0.0
2127,CFB,Charleston Southern,Buccaneers,https://a.espncdn.com/combiner/i?img=/i/teamlogos/ncaa/500/2127.png,Big South-OVC,0.0,0.0,0.0,0.0,0.0,0.0
cle,MLB,Cleveland,Guardians,https://a.espncdn.com/combiner/i?img=/i/teamlogos/mlb/500/cle.png,AL Central,0.0,0.0,0.0,0.0,0.0,0.0
col,MLB,Colorado,Rockies,https://a.espncdn.com/combiner/i?img=/i/teamlogos/mlb/500/col.png,NL West,0.0,0.0,0.0,0.0,0.0,0.0
mil,MLB,Milwaukee,Brewers,https://a.espncdn.com/combiner/i?img=/i/teamlogos/mlb/500/mil.png,NL Central,0.0,0.0,0.0,0.0,0.0,0.0
det,MLB,Detroit,Tigers,https://a.espncdn.com/combiner/i?img=/i/teamlogos/mlb/500/det.png,AL Central,0.0,0.0,0.0,0.0,0.0,0.0
tb,MLB,Tampa Bay,Rays,https://a.espncdn.com/combiner/i?img=/i/teamlogos/mlb/500/tb.png,AL East,0.0,0.0,0.0,0.0,0.0,0.0
cin,MLB,Cincinnati,Reds,https://a.espncdn.com/combiner/i?img=/i/teamlogos/mlb/500/cin.png,NL Central,0.0,0.0,0.0,0.0,0.0,0.0
laa,MLB,Los Angeles,Angels,https://a.espncdn.com/combiner/i?img=/i/teamlogos/mlb/500/laa.png,AL West,0.0,0.0,0.0,0.0,0.0,0.0
hou,MLB,Houston,Astros,https://a.espncdn.com/combiner/i?img=/i/teamlogos/mlb/500/hou.png,AL West,0.0,0.0,0.0,0.0,0.0,0.0
phi,MLB,Philadelphia,Phillies,https://a.espncdn.com/combiner/i?img=/i/teamlogos/mlb/500/phi.png,NL East,0.0,0.0,0.0,0.0,0.0,0.0
nym,MLB,New York,Mets,https://a.espncdn.com/combiner/i?img=/i/teamlogos/mlb/500/nym.png,NL East,0.0,0.0,0.0,0.0,0.0,0.0
ari,MLB,Arizona,Diamondbacks,https://a.espncdn.com/combiner/i?img=/i/teamlogos/mlb/500/ari.png,NL West,0.0,0.0,0.0,0.0,0.0,0.0
chc,MLB,Chicago,Cubs,https://a.espncdn.com/combiner/i?img=/i/teamlogos/mlb/500/chc.png,NL Central,0.0,0.0,0.0,0.0,0.0,0.0
tex,MLB,Texas,Rangers,https://a.espncdn.com/combiner/i?img=/i/teamlogos/mlb/500/tex.png,AL West,0.0,0.0,0.0,0.0,0.0,0.0
wsh,MLB,Washington,Nationals,https://a.espncdn.com/combiner/i?img=/i/teamlogos/mlb/500/wsh.png,NL East,0.0,0.0,0.0,0.0,0.0,0.0
stl,MLB,St. Louis,Cardinals,https://a.espncdn.com/combiner/i?img=/i/teamlogos/mlb/500/stl.png,NL Central,0.0,0.0,0.0,0.0,0.0,0.0
sf,MLB,San Francisco,Giants,https://a.espncdn.com/combiner/i?img=/i/teamlogos/mlb/500/sf.png,NL West,0.0,0.0,0.0,0.0,0.0,0.0
kc,MLB,Kansas City,Royals,https://a.espncdn.com/combiner/i?img=/i/teamlogos/mlb/500/kc.png,AL Central,0.0,0.0,0.0,0.0,0.0,0.0
nyy,MLB,New York,Yankees,https://a.espncdn.com/combiner/i?img=/i/teamlogos/mlb/500/nyy.png,AL East,0.0,0.0,0.0,0.0,0.0,0.0
tor,MLB,Toronto,Blue Jays,https://a.espncdn.com/combiner/i?img=/i/teamlogos/mlb/500/tor.png,AL East,0.0,0.0,0.0,0.0,0.0,0.0
atl,MLB,Atlanta,Braves,https://a.espncdn.com/combiner/i?img=/i/teamlogos/mlb/500/atl.png,NL East,0.0,0.0,0.0,0.0,0.0,0.0
sd,MLB,San Diego,Padres,https://a.espncdn.com/combiner/i?img=/i/teamlogos/mlb/500/sd.png,NL West,0.0,0.0,0.0,0.0,0.0,0.0
mia,MLB,Miami,Marlins,https://a.espncdn.com/combiner/i?img=/i/teamlogos/mlb/500/mia.png,NL East,0.0,0.0,0.0,0.0,0.0,0.0
oak,MLB,Oakland,Athletics,https://a.espncdn.com/combiner/i?img=/i/teamlogos/mlb/500/oak.png,AL West,0.0,0.0,0.0,0.0,0.0,0.0
bal,MLB,Baltimore,Orioles,https://a.espncdn.com/combiner/i?img=/i/teamlogos/mlb/500/bal.png,AL East,0.0,0.0,0.0,0.0,0.0,0.0
bos,MLB,Boston,Red Sox,https://a.espncdn.com/combiner/i?img=/i/teamlogos/mlb/500/bos.png,AL East,0.0,0.0,0.0,0.0,0.0,0.0
pit,MLB,Pittsburgh,Pirates,https://a.espncdn.com/combiner/i?img=/i/teamlogos/mlb/500/pit.png,NL Central,0.0,0.0,0.0,0.0,0.0,0.0
sea,MLB,Seattle,Mariners,https://a.espncdn.com/combiner/i?img=/i/teamlogos/mlb/500/sea.png,AL West,0.0,0.0,0.0,0.0,0.0,0.0
lad,MLB,Los Angeles,Dodgers,https://a.espncdn.com/combiner/i?img=/i/teamlogos/mlb/500/lad.png,NL West,0.0,0.0,0.0,0.0,0.0,0.0
chw,MLB,Chicago,White Sox,https://a.espncdn.com/combiner/i?img=/i/teamlogos/mlb/500/chw.png,AL Central,0.0,0.0,0.0,0.0,0.0,0.0
min,MLB,Minnesota,Twins,https://a.espncdn.com/combiner/i?img=/i/teamlogos/mlb/500/min.png,AL Central,0.0,0.0,0.0,0.0,0.0,0.0
